student_id,first_name,last_name,email,phone,enroll_date
1,Aarav,Sharma,aarav.sharma@email.com,9876500001,2023-01-15
2,Isha,Patel,isha.patel@email.com,9876500002,2023-02-10
3,Dev,Menon,dev.menon@email.com,9876500003,2023-03-05
4,Ananya,Rao,ananya.rao@email.com,9876500004,2023-04-20
5,Rohan,Kapoor,rohan.kapoor@email.com,9876500005,2023-05-12
6,Meera,Joshi,meera.joshi@email.com,9876500006,2023-06-01
7,Aditya,Verma,aditya.verma@email.com,9876500007,2023-06-15
8,Kavya,Nair,kavya.nair@email.com,9876500008,2023-07-02
9,Siddharth,Gupta,siddharth.gupta@email.com,9876500009,2023-07-18
10,Neha,Bose,neha.bose@email.com,9876500010,2023-08-05
11,Arjun,Nair,arjun.nair@email.com,9876500011,2023-08-20
12,Priya,Menon,priya.menon@email.com,9876500012,2023-09-01
13,Rahul,Sharma,rahul.sharma@email.com,9876500013,2023-09-15
14,Sneha,Pillai,sneha.pillai@email.com,9876500014,2023-10-01
15,Vikram,Kumar,vikram.kumar@email.com,9876500015,2023-10-18
16,Anjali,Das,anjali.das@email.com,9876500016,2023-11-02
17,Rohan,Verma,rohan.verma@email.com,9876500017,2023-11-20
18,Kavya,Reddy,kavya.reddy@email.com,9876500018,2023-12-05
19,Aditya,Singh,aditya.singh@email.com,9876500019,2023-12-20
20,Meera,Krishnan,meera.krishnan@email.com,9876500020,2024-01-05
21,Nikhil,Joshi,nikhil.joshi@email.com,9876500021,2024-01-20
22,Divya,Iyer,divya.iyer@email.com,9876500022,2024-02-01
23,Sanjay,Patel,sanjay.patel@email.com,9876500023,2024-02-15
24,Pooja,Ghosh,pooja.ghosh@email.com,9876500024,2024-03-01
25,Karthik,Rao,karthik.rao@email.com,9876500025,2024-03-18
26,Ananya,Bose,ananya.bose@email.com,9876500026,2024-04-02
27,Suresh,Nambiar,suresh.nambiar@email.com,9876500027,2024-04-18
28,Lakshmi,Varma,lakshmi.varma@email.com,9876500028,2024-05-01
29,Deepak,Tiwari,deepak.tiwari@email.com,9876500029,2024-05-15
30,Nisha,Chauhan,nisha.chauhan@email.com,9876500030,2024-06-01
31,Rajesh,Mehta,rajesh.mehta@email.com,9876500031,2024-06-15
32,Sunita,Kapoor,sunita.kapoor@email.com,9876500032,2024-07-01
33,Amit,Desai,amit.desai@email.com,9876500033,2024-07-18
34,Ritu,Malhotra,ritu.malhotra@email.com,9876500034,2024-08-01
35,Gaurav,Pandey,gaurav.pandey@email.com,9876500035,2024-08-20
36,Swati,Chandra,swati.chandra@email.com,9876500036,2024-09-01
37,Manish,Dubey,manish.dubey@email.com,9876500037,2024-09-15
38,Rina,Saxena,rina.saxena@email.com,9876500038,2024-10-01
39,Vivek,Aggarwal,vivek.aggarwal@email.com,9876500039,2024-10-20
40,Pallavi,Srivastava,pallavi.sri@email.com,9876500040,2024-11-01
41,Harish,Negi,harish.negi@email.com,9876500041,2024-11-15
42,Geeta,Bhatt,geeta.bhatt@email.com,9876500042,2024-12-01
43,Manoj,Thakur,manoj.thakur@email.com,9876500043,2024-12-15
44,Shweta,Gupta,shweta.gupta@email.com,9876500044,2024-12-20
45,Naveen,Mishra,naveen.mishra@email.com,9876500045,2024-12-25
46,Tanvi,Banerjee,tanvi.banerjee@email.com,9876500046,2024-12-28
47,Sachin,Jain,sachin.jain@email.com,9876500047,2024-12-30
48,Asha,Kulkarni,asha.kulkarni@email.com,9876500048,2024-12-31
49,Pranav,Shukla,pranav.shukla@email.com,9876500049,2025-01-05
50,Dhruv,Mathur,dhruv.mathur@email.com,9876500050,2025-01-20
